rebalance_date,period_end,n_stocks,n_long,n_short,ret_long,ret_short,ret_ls,turnover,cost,ic,ret_ls_net,ret_q1,ret_q2,ret_q3,ret_q4,ret_q5
2020-02-28,2020-03-31,280,56,56,-0.19755270587987192,-0.22065462191280838,0.02310191603293646,0.4999999999999999,0.0019999999999999996,0.017617776582225148,0.02110191603293646,-0.2206546219128084,-0.17535628850281038,-0.15020782782420813,-0.20221202448349676,-0.19755270587987192
2020-03-31,2020-04-30,335,67,67,0.139552240769648,0.1849826493670553,-0.045430408597407296,0.19622950588797172,0.0007849180235518869,-0.04390426581896466,-0.04621532662095918,0.1849826493670553,0.13098355673021653,0.12403281165468794,0.15850622147407253,0.139552240769648
2020-04-30,2020-05-31,338,68,68,0.05356954713226633,0.049184449191829724,0.004385097940436608,0.05507908825911895,0.00022031635303647578,0.01690269510545736,0.004164781587400132,0.04918444919182973,0.046198536400735325,0.058524235315677055,0.043908371497922025,0.05356954713226632
2020-05-29,2020-06-30,344,69,69,0.015933902703674133,0.027269478215010915,-0.011335575511336782,0.04208493890015466,0.00016833975560061866,-0.005591845042903384,-0.011503915266937401,0.027269478215010915,0.014176883721785567,-0.0010455881120815672,0.009265810445025814,0.015933902703674136
2020-06-30,2020-07-31,350,70,70,0.04174476903845756,0.0649753028613096,-0.023230533822852048,0.05656691310180717,0.00022626765240722868,-0.0691047922290171,-0.023456801475259276,0.06497530286130959,0.03334248231558183,0.06449041828361489,0.035816338245803436,0.04174476903845755
2020-07-31,2020-08-31,359,72,72,0.06317045873079195,0.06728827572522161,-0.00411781699442966,0.052282163226954365,0.00020912865290781746,-0.02258606827812265,-0.0043269456473374775,0.06728827572522161,0.0403120908941978,0.03321198999245637,0.04317618410261277,0.06317045873079197
2020-08-31,2020-09-30,377,76,76,-0.021471720403216432,-0.030621693640027488,0.009149973236811056,0.07445744819039245,0.0002978297927615698,-0.0236293827897826,0.008852143444049486,-0.030621693640027484,-0.01933093738461932,-0.027406297593242084,-0.030011721243600943,-0.021471720403216436
2020-09-30,2020-10-31,378,76,76,-0.010625153508372785,-0.006707514923303906,-0.003917638585068879,0.03881622519071766,0.00015526490076287063,-0.019754327128616255,-0.00407290348583175,-0.006707514923303906,-0.00928271165589771,-0.005674600904989248,-0.011388314864655465,-0.010625153508372785
2020-10-30,2020-11-30,383,77,77,0.15525502456126605,0.15106645507311536,0.00418856948815069,0.053977092305789565,0.00021590836922315827,0.002034255548827041,0.003972661118927532,0.15106645507311536,0.15649748487534673,0.11378123471698065,0.16600642448899433,0.155255024561266
2020-11-30,2020-12-31,404,81,81,0.03305019134070449,0.03835095120550053,-0.0053007598647960355,0.07468575832791907,0.0002987430333116763,-0.018832103749782066,-0.005599502898107712,0.03835095120550053,0.04213571647459318,0.03196029814103253,0.04685644310605962,0.03305019134070449
2020-12-31,2021-01-31,413,83,83,-0.01387804171541944,-0.015362024022730458,0.0014839823073110187,0.05480401094805948,0.00021921604379223793,0.026460451313020862,0.0012647662635187806,-0.015362024022730457,-0.007814301008638518,-0.012402030204028709,-0.004897626645019207,-0.013878041715419438
2021-01-29,2021-02-28,413,83,83,0.059764443047899435,0.07468683497267209,-0.014922391924772654,0.03960543994783151,0.00015842175979132603,-0.06746863893730451,-0.01508081368456398,0.07468683497267208,0.06191831340065541,0.041449963242231096,0.06279250770027489,0.05976444304789944
2021-02-26,2021-03-31,420,84,84,0.04881477324613864,0.06296484220979115,-0.014150068963652507,0.632534406280401,0.0025301376251216042,-0.07526231616750922,-0.016680206588774112,0.06296484220979114,0.07163793415770695,0.052580014947994226,0.0598583428909977,0.04881477324613864
2021-03-31,2021-04-30,430,86,86,0.04476740095105243,0.041888221847810485,0.0028791791032419453,0.16781943302752117,0.0006712777321100846,-0.002378021156241086,0.0022079013711318604,0.041888221847810485,0.053836016975594266,0.05029189038960915,0.05325957459038922,0.04476740095105244
2021-04-30,2021-05-31,431,86,87,0.017619821220354877,0.030569205710473394,-0.012949384490118516,0.039778002174392646,0.0001591120086975706,-0.071989387184798,-0.013108496498816086,0.03056920571047339,0.020342335946733552,0.020412308625211106,0.008816365871441603,0.017619821220354877
2021-05-28,2021-06-30,431,86,87,0.004710329169131385,-0.013864297619582275,0.01857462678871366,0.03379893110438083,0.00013519572441752332,0.07443163270170791,0.018439431064296137,-0.013864297619582275,0.003155324412527047,0.003430197429889969,0.006624557595842015,0.004710329169131386
2021-06-30,2021-07-31,431,86,87,0.013331749178392138,0.009261179018597819,0.004070570159794319,0.03432615250908451,0.00013730461003633805,0.03614279057544615,0.003933265549757981,0.00926117901859782,0.012457514003228053,0.020029828590954032,0.020729100022903842,0.01333174917839214
2021-07-30,2021-08-31,431,86,87,0.014997785332157799,0.018878082569831752,-0.003880297237673953,0.05545076278897664,0.00022180305115590657,-0.0016755528218304098,-0.004102100288829859,0.01887808256983175,0.019306175156238572,0.018057425881058808,0.035152955292044256,0.014997785332157799
2021-08-31,2021-09-30,431,86,87,-0.04298427075067471,-0.03404981292130872,-0.008934457829365985,0.06867316432443508,0.00027469265729774037,-0.06462074147531577,-0.009209150486663726,-0.034049812921308716,-0.03444334975446027,-0.035066935337037884,-0.05503604369932817,-0.04298427075067471
2021-09-30,2021-10-31,428,86,86,0.060636261304329656,0.03330464196288611,0.02733161934144355,0.04259813853041634,0.00017039255412166539,0.1273444056292591,0.02716122678732188,0.033304641962886114,0.057911579145471265,0.05421679214045292,0.0711402462399531,0.060636261304329656
2021-10-29,2021-11-30,427,86,86,-0.017285179682350292,-0.02414946406673403,0.006864284384383738,0.060475610640573725,0.0002419024425622949,0.06520652676790227,0.006622381941821444,-0.02414946406673404,-0.023131355992646332,-0.028109311257187714,-0.010343194195591664,-0.017285179682350292
2021-11-30,2021-12-31,427,86,86,0.06557730082279353,0.07653525568063116,-0.010957954857837626,0.09106806589419028,0.0003642722635767611,-0.008827737675933759,-0.011322227121414388,0.07653525568063113,0.0646465048054062,0.06513067712317512,0.06766279330594391,0.06557730082279352
2021-12-31,2022-01-31,427,86,86,-0.03419024320922311,-0.04080430570788057,0.0066140624986574595,0.0549519576597017,0.0002198078306388068,-0.0366914696352924,0.006394254668018653,-0.04080430570788057,-0.034299311096063725,-0.04808331554133885,-0.06701680979028053,-0.03419024320922312
2022-01-31,2022-02-28,425,85,85,-0.019372953478086048,0.00015682015135960303,-0.019529773629445652,0.07107106740093713,0.00028428426960374855,-0.12019623049899977,-0.0198140578990494,0.00015682015135960197,0.0033243125193939374,-0.020197737437566372,-0.01947609109339596,-0.01937295347808605
2022-02-28,2022-03-31,420,84,84,0.015471339519560427,0.039214355494265454,-0.023743015974705028,0.7184795624788638,0.002873918249915455,-0.09603475899068713,-0.026616934224620484,0.039214355494265454,0.03435388773823228,0.02036461559421309,0.028112741005287094,0.015471339519560428
2022-03-31,2022-04-30,446,89,90,-0.06528428553877515,-0.06060252657802277,-0.004681758960752375,0.12696379840869965,0.0005078551936347986,0.013788868091391723,-0.0051896141543871736,-0.060602526578022765,-0.058678365359142476,-0.07446681538017436,-0.05802437837587358,-0.06528428553877515
2022-04-29,2022-05-31,447,90,90,0.019466975441599796,0.029671912535401492,-0.010204937093801696,0.044367295467580545,0.0001774691818703222,-0.009018704780172073,-0.010382406275672018,0.02967191253540149,-0.0007278028728261269,-0.0017058915907211007,0.0021560768551297555,0.019466975441599796
2022-05-31,2022-06-30,446,89,90,-0.087327674235673,-0.09316829259274975,0.005840618357076749,0.04955135304009758,0.0001982054121603903,0.017660487642779568,0.005642412944916359,-0.09316829259274974,-0.08943019918287402,-0.09587823077366636,-0.09310492630856113,-0.08732767423567302
2022-06-30,2022-07-31,445,89,89,0.07690106861008647,0.0889577071155907,-0.01205663850550423,0.050955348059148,0.000203821392236592,-0.06212851262663529,-0.012260459897740822,0.0889577071155907,0.10724987864157859,0.08929626636019145,0.08162244595514555,0.07690106861008647
2022-07-29,2022-08-31,445,89,89,-0.03570264896815058,-0.03262348095282874,-0.0030791680153218343,0.05547751743063872,0.0002219100697225549,-0.006807370109117432,-0.0033010780850443893,-0.03262348095282874,-0.03742497440501682,-0.036128763190714626,-0.03571195261475722,-0.035702648968150584
2022-08-31,2022-09-30,446,89,90,-0.10227930645755756,-0.10223683302295872,-4.247343459884423e-05,0.06565805200835458,0.0002626322080334183,0.03053051947336406,-0.0003051056426322625,-0.10223683302295875,-0.08368373924043976,-0.09306190979889842,-0.08213693477048849,-0.10227930645755758
2022-09-30,2022-10-31,444,89,89,0.10485684629484752,0.0841029456260175,0.020753900668830025,0.045084304817536,0.000180337219270144,0.06575903316080539,0.020573563449559882,0.0841029456260175,0.09698612097472765,0.11052637347792467,0.09320191759983447,0.10485684629484754
2022-10-31,2022-11-30,445,89,89,0.07150591006458233,0.07948258734902726,-0.007976677284444927,0.049068186532163965,0.00019627274612865587,-0.039354072147838016,-0.008172950030573584,0.07948258734902727,0.06277422410074317,0.06958334746070637,0.07094816373667565,0.07150591006458233
2022-11-30,2022-12-31,445,89,89,-0.03755182569358461,-0.04666064278767133,0.009108817094086723,0.07428243244326427,0.00029712972977305707,0.04532251672003703,0.008811687364313666,-0.046660642787671326,-0.055470536213943364,-0.04593312882791942,-0.04562172781779972,-0.03755182569358461
2022-12-30,2023-01-31,445,89,89,0.07551361448608515,0.06266369350289708,0.012849920983188073,0.04917981844167031,0.00019671927376668124,0.014578889549136354,0.012653201709421392,0.06266369350289709,0.07877730826454468,0.0754835788310597,0.07366629832009393,0.07551361448608515
2023-01-31,2023-02-28,444,89,89,-0.037705885571817185,-0.033787749664334496,-0.003918135907482689,0.06418780571918709,0.00025675122287674836,-0.041937275066433716,-0.004174887130359438,-0.033787749664334496,-0.03452840168023791,-0.03161194367441715,-0.029473783957517954,-0.037705885571817185
2023-02-28,2023-03-31,453,91,91,0.0009801581095442856,-0.004405058333198156,0.005385216442742442,0.6740155221823261,0.0026960620887293042,0.027730642771497373,0.0026891543540131374,-0.004405058333198154,-0.013656844587397285,0.007884251519615575,0.003912829245715227,0.0009801581095442854
2023-03-31,2023-04-30,461,92,93,0.0050903709181124735,0.017602673066584834,-0.01251230214847236,0.10070347975333632,0.0004028139190133453,-0.07847355701256381,-0.012915116067485705,0.017602673066584834,-0.00025030277450635937,0.005898059951076662,-0.0015019146950615834,0.005090370918112473
2023-04-28,2023-05-31,461,92,93,-0.04278077735146758,-0.042071029337286736,-0.0007097480141808471,0.02247200501715,8.98880200686e-05,-0.02427413139587697,-0.0007996360342494471,-0.042071029337286736,-0.02999009180521216,-0.031994435642368965,-0.03790211711859254,-0.042780777351467576
2023-05-31,2023-06-30,461,92,93,0.08764809208807092,0.08769802648050729,-4.993439243636266e-05,0.05210407870436856,0.00020841631481747426,-0.036491902231482805,-0.00025835070725383695,0.0876980264805073,0.0811120892316862,0.066432367348855,0.07287585522244677,0.08764809208807094
2023-06-30,2023-07-31,461,92,93,0.037838096735109406,0.03436008245881074,0.003478014276298666,0.04030070128826682,0.00016120280515306728,0.03472542779668881,0.003316811471145599,0.03436008245881074,0.03519760343577186,0.03323781309809308,0.03186847386877241,0.03783809673510941
2023-07-31,2023-08-31,461,92,93,-0.04252886230424022,-0.033337012956849196,-0.00919184934739102,0.05345390061819447,0.0002138156024727779,-0.0208090750075742,-0.009405664949863798,-0.03333701295684919,-0.028402399741077274,-0.0304152770426086,-0.02291571267439219,-0.042528862304240224
2023-08-31,2023-09-30,460,92,92,-0.049351141383212616,-0.04823256509674558,-0.0011185762864670337,0.061375983245709025,0.0002455039329828361,0.016274375068793614,-0.0013640802194498699,-0.04823256509674558,-0.0511358753239348,-0.05388017579995447,-0.046503396735028575,-0.04935114138321261
2023-09-29,2023-10-31,459,92,92,-0.04085936299776489,-0.05272987139390781,0.011870508396142919,0.036189648514850445,0.00014475859405940178,0.09930000680738982,0.011725749802083517,-0.052729871393907814,-0.03434097438062063,-0.03825582694853145,-0.03570015777526816,-0.04085936299776488
2023-10-31,2023-11-30,457,92,92,0.07107122277044498,0.09150112748257394,-0.020429904712128966,0.055801543392864736,0.00022320617357145895,-0.09574981565027813,-0.020653110885700425,0.09150112748257394,0.10284507005437471,0.09886425471749083,0.09309446006621729,0.07107122277044498
2023-11-30,2023-12-31,458,92,92,0.06005448226579762,0.07181820640767697,-0.011763724141879352,0.07037707307578377,0.00028150829230313507,-0.058580020465162454,-0.012045232434182486,0.07181820640767696,0.07071601757579625,0.06890639591151893,0.06733465377225588,0.060054482265797626
2023-12-29,2024-01-31,457,92,92,-0.005500226981492757,-0.01395854488289226,0.008458317901399504,0.06315883550388045,0.0002526353420155218,0.047805529449541743,0.008205682559383982,-0.013958544882892264,-0.008873576637961315,-0.01571946460336139,0.007421946560606581,-0.005500226981492757
2024-01-31,2024-02-29,455,91,91,0.031799678392749706,0.04531672448573963,-0.013517046092989926,0.08007306728327339,0.00032029226913309354,-0.05959482919060846,-0.01383733836212302,0.04531672448573964,0.04464984204100589,0.03810472250688582,0.03742776710342762,0.0317996783927497
2024-02-29,2024-03-31,456,91,92,0.04634241159866151,0.03215605750116003,0.014186354097501477,0.652789345539857,0.002611157382159428,0.03957758212352653,0.011575196715342049,0.03215605750116003,0.05844347097873837,0.045308557210842336,0.04231471524655722,0.04634241159866151
2024-03-28,2024-04-30,462,93,93,-0.05447815944934416,-0.06435533196606907,0.009877172516724916,0.06350653733459352,0.0002540261493383741,0.06926306232190915,0.009623146367386542,-0.06435533196606906,-0.0428358103074261,-0.05245114275501863,-0.03753308266295092,-0.05447815944934416
2024-04-30,2024-05-31,462,93,93,0.042085400438221066,0.01322581858024586,0.028859581857975207,0.054425344341647364,0.00021770137736658947,0.0760580946752046,0.028641880480608617,0.013225818580245859,0.020550107222452752,0.04347709364087487,0.01530554821763297,0.04208540043822107
2024-05-31,2024-06-30,463,93,93,-0.012867578803197041,0.0016601215611026735,-0.014527700364299715,0.05155261011617235,0.0002062104404646894,-0.05330640843009422,-0.014733910804764404,0.0016601215611026733,-0.0018536188767608259,-0.003820285094682403,-0.0006138630068917681,-0.012867578803197041
2024-06-28,2024-07-31,462,93,93,0.04938024956301401,0.03414660882197686,0.015233640741037155,0.049751635282428,0.000199006541129712,0.05595058358896922,0.015034634199907443,0.03414660882197685,0.0379961199238572,0.06305234312448423,0.042803970261181476,0.049380249563014005
2024-07-31,2024-08-31,462,93,93,0.01657762751115787,0.016244150091492292,0.00033347741966557876,0.06299418817913353,0.0002519767527165341,0.048910338969526644,8.150066694904463e-05,0.016244150091492292,0.01732844001659331,0.02854732200322452,0.04077519531718507,0.01657762751115787
2024-08-30,2024-09-30,462,93,93,0.02531242071744498,0.023358206028884956,0.0019542146885600242,0.0740196704799714,0.00029607868191988565,0.005552075185559233,0.0016581360066401387,0.023358206028884953,0.021668137822224633,0.01763629286192662,0.026236773386700333,0.025312420717444984
2024-09-30,2024-10-31,459,92,92,-0.03247594916070494,-0.01883514141861793,-0.013640807742087008,0.037315665227511764,0.00014926266091004706,-0.035301282939982935,-0.013790070402997056,-0.01883514141861794,-0.01157856227280997,-0.030208539489940685,-0.007694866577500537,-0.03247594916070493
2024-10-31,2024-11-30,458,92,92,0.053545264724260966,0.06753154570550812,-0.013986280981247157,0.06820676751815143,0.0002728270700726057,-0.028958128352681044,-0.014259108051319762,0.06753154570550812,0.061334078338095725,0.04363016261853347,0.06326525449671823,0.053545264724260966
2024-11-29,2024-12-31,458,92,92,-0.06362988770702929,-0.06831883723600393,0.00468894952897464,0.07212964628992846,0.00028851858515971385,0.029366339515839217,0.004400430943814926,-0.06831883723600392,-0.062423418689397166,-0.06500345499547024,-0.059948747917829295,-0.06362988770702929
2024-12-31,2025-01-31,458,92,92,0.04430181973427582,0.028489646557033888,0.015812173177241932,0.05136049907373774,0.00020544199629495097,0.11077802380490152,0.01560673118094698,0.028489646557033878,0.02507417734837193,0.03241158656886642,0.0441784493240594,0.04430181973427582
2025-01-31,2025-02-28,452,91,91,-0.007090485615009241,-0.01548914955408111,0.00839866393907187,0.10012289375157377,0.00040049157500629507,-0.010140730305837774,0.007998172364065574,-0.015489149554081108,-0.004596295043405363,-0.0009695942659433743,-0.007077294749931111,-0.00709048561500924
2025-02-28,2025-03-31,455,91,91,-0.0453707089796645,-0.02910999323347343,-0.01626071574619107,0.6568562389653579,0.002627424955861432,-0.05185182522160105,-0.0188881407020525,-0.02910999323347343,-0.03243432040852387,-0.03385798782005966,-0.030898505053675782,-0.0453707089796645
2025-03-31,2025-04-30,470,94,94,-0.02403670682061095,-0.024035826976507874,-8.798441030744009e-07,0.08072078942439796,0.00032288315769759185,-0.019711051930424064,-0.00032376300180066625,-0.024035826976507874,-0.013701497431871688,-0.022158572604012,-0.02987654237880988,-0.024036706820610945
2025-04-30,2025-05-31,471,94,95,0.055848662927574094,0.042953476375052035,0.012895186552522059,0.055658442576720396,0.0002226337703068816,0.006492929634558364,0.012672552782215176,0.042953476375052056,0.033136797883044584,0.05630755426485693,0.027031683907154293,0.0558486629275741
2025-05-30,2025-06-30,471,94,95,0.041550657060297744,0.028887238721630706,0.012663418338667038,0.05003694845649288,0.00020014779382597153,0.05716360905876398,0.012463270544841067,0.028887238721630706,0.026246001517784882,0.03272599192313969,0.02944005403027854,0.04155065706029774
2025-06-30,2025-07-31,470,94,94,0.010790552014991687,0.009580436003768091,0.0012101160112235956,0.03949287172478658,0.00015797148689914632,-0.009092157214454805,0.0010521445243244494,0.009580436003768093,-0.0040460275365258305,0.011792424334526215,0.006953019062456013,0.010790552014991685
2025-07-31,2025-08-31,470,94,94,0.031427771514232705,0.02951998450933483,0.0019077870048978748,0.07126870854912082,0.0002850748341964833,0.0036126888070980943,0.0016227121707013915,0.02951998450933483,0.03335097077675288,0.03295422594263009,0.02633363514631354,0.031427771514232705
2025-08-29,2025-09-30,469,94,94,-0.005170713764744112,0.010610325275146437,-0.01578103903989055,0.09591164302168614,0.0003836465720867446,-0.046530075917025834,-0.016164685611977293,0.010610325275146437,-0.0038323006661986447,0.007259267790947461,0.015135062253969144,-0.0051707137647441104
2025-09-30,2025-10-31,466,93,94,-0.007552829542133415,-0.02369994623161618,0.016147116689482766,0.04686554214189654,0.00018746216856758616,0.07783578227130944,0.01595965452091518,-0.023699946231616188,-0.0087305875986398,-0.0180259633987914,0.004158669295795977,-0.007552829542133413
2025-10-31,2025-11-30,465,93,93,0.030421433197347053,0.02603476398516709,0.004386669212179964,0.05384359205744822,0.0002153743682297929,0.027464266997619936,0.004171294843950171,0.02603476398516708,0.02413798943526814,0.011606295238726803,0.01460887395474584,0.03042143319734705
2025-11-28,2025-12-31,464,93,93,0.014013039102165984,0.0018599774112272325,0.01215306169093875,0.10613428594720414,0.0004245371437888166,0.06950201573262024,0.011728524547149934,0.0018599774112272316,0.004280066109741883,0.005255846523571432,0.0006749245338022697,0.014013039102165982
2025-12-31,2026-01-31,462,93,93,0.02561341798366778,0.03642078703297155,-0.010807369049303774,0.06695617487861744,0.00026782469951446973,-0.0025895951116466525,-0.011075193748818244,0.036420787032971545,0.04150215150914653,0.027548082565663018,0.03840933555596392,0.025613417983667768
