ticker,cik,company,yahoo_symbol,missing_reason,months_missing,first_month,last_month
AVB,915912,AVALONBAY COMMUNITIES INC,AVB,no_price,168,2012-01-31,2025-12-31
EA,712515,ELECTRONIC ARTS INC.,EA,no_price,168,2012-01-31,2025-12-31
K,55067,KELLANOVA,K,no_price,167,2012-01-31,2025-11-30
IPG,51644,"INTERPUBLIC GROUP OF COMPANIES, INC.",IPG,no_price,166,2012-01-31,2025-10-31
HES,4447,HESS CORP,HES,no_price,162,2012-01-31,2025-06-30
JNPR,1043604,JUNIPER NETWORKS INC,JNPR,no_price,162,2012-01-31,2025-06-30
DFS,1393612,Discover Financial Services,DFS,no_price,160,2012-01-31,2025-04-30
MRO,101778,MARATHON OIL CORP,MRO,no_price,154,2012-01-31,2024-10-31
CMA,28412,COMERICA INC /NEW/,CMA,no_price,149,2012-01-31,2024-05-31
PXD,1038357,PIONEER NATURAL RESOURCES CO,PXD,no_price,148,2012-01-31,2024-04-30
SEE,1012100,SEALED AIR CORP/DE,SEE,no_price,143,2012-01-31,2023-11-30
CTXS,877890,CITRIX SYSTEMS INC,CTXS,no_price,129,2012-01-31,2022-09-30
WBA,1618921,"Walgreens Boots Alliance, Inc.",WBA,no_price,128,2014-12-31,2025-07-31
CERN,804753,CERNER Corp,CERN,no_price,125,2012-01-31,2022-05-31
DISCA,1437107,"Warner Bros. Discovery, Inc.",WBD,no_price,123,2012-01-31,2022-03-31
PBCT,1378946,"People's United Financial, Inc.",PBCT,no_price,123,2012-01-31,2022-03-31
XLNX,743988,XILINX INC,XLNX,no_price,121,2012-01-31,2022-01-31
LEG,58492,LEGGETT & PLATT INC,LEG,no_price,119,2012-01-31,2021-11-30
HOLX,859737,HOLOGIC INC,HOLX,no_price,118,2016-03-31,2025-12-31
COG,858470,Coterra Energy Inc.,COG,no_price,117,2012-01-31,2021-09-30
QRVO,1604778,"Qorvo, Inc.",QRVO,no_price,114,2015-06-30,2024-11-30
FLIR,354908,FLIR SYSTEMS INC,FLIR,no_price,112,2012-01-31,2021-04-30
VAR,203527,VARIAN MEDICAL SYSTEMS INC,VAR,no_price,111,2012-01-31,2021-03-31
NLSN,1492633,Nielsen Holdings plc,NLSN,no_price,111,2013-07-31,2022-09-30
ALXN,899866,"ALEXION PHARMACEUTICALS, INC.",ALXN,no_price,110,2012-05-31,2021-06-30
TIF,98246,TIFFANY & CO,TIF,no_price,108,2012-01-31,2020-12-31
NBL,72207,NOBLE ENERGY INC,NBL,no_price,105,2012-01-31,2020-09-30
ETFC,1015780,E TRADE FINANCIAL CORP,ETFC,no_price,105,2012-01-31,2020-09-30
KSU,54480,KANSAS CITY SOUTHERN,KSU,no_price,103,2013-05-31,2021-11-30
JWN,72333,NORDSTROM INC,JWN,no_price,101,2012-01-31,2020-05-31
RTN,1047122,RAYTHEON CO/,RTN,no_price,99,2012-01-31,2020-03-31
ATVI,718877,"Activision Blizzard, Inc.",ATVI,no_price,98,2015-08-31,2023-09-30
ANSS,1013462,ANSYS INC,ANSS,no_price,97,2017-06-30,2025-06-30
VIAB,1339947,Viacom Inc.,VIAB,no_price,95,2012-01-31,2019-11-30
CBS,813828,Paramount Global,CBS,no_price,95,2012-01-31,2019-11-30
STI,750556,SUNTRUST BANKS INC,,no_yahoo_symbol,95,2012-01-31,2019-11-30
CELG,816284,CELGENE CORP /DE/,CELG,no_price,94,2012-01-31,2019-10-31
DISCK,1437107,"Warner Bros. Discovery, Inc.",WBD,no_price,92,2014-08-31,2022-03-31
TSS,721683,TOTAL SYSTEM SERVICES INC,TSS,no_price,92,2012-01-31,2019-08-31
APC,773910,ANADARKO PETROLEUM CORP,,no_yahoo_symbol,91,2012-01-31,2019-07-31
RHT,1087423,RED HAT INC,RHT,no_price,90,2012-01-31,2019-06-30
LLL,1039101,"L3 TECHNOLOGIES, INC.",LLL,no_price,90,2012-01-31,2019-06-30
FOXA,1308161,"TWENTY-FIRST CENTURY FOX, INC.",,no_yahoo_symbol,86,2012-01-31,2019-02-28
NFX,912750,NEWFIELD EXPLORATION CO /DE/,NFX,no_price,85,2012-01-31,2019-01-31
SCG,754737,SCANA CORP,SCG,no_price,84,2012-01-31,2018-12-31
SRCL,861878,STERICYCLE INC,SRCL,no_price,83,2012-01-31,2018-11-30
AET,1122304,AETNA INC /PA/,AET,no_price,82,2012-01-31,2018-10-31
COL,1137411,ROCKWELL COLLINS INC,COL,no_price,82,2012-01-31,2018-10-31
CA,356028,"CA, INC.",CA,no_price,82,2012-01-31,2018-10-31
HBI,1359841,Hanesbrands Inc.,HBI,no_price,81,2015-03-31,2021-11-30
ANDV,50104,ANDEAVOR,ANDV,no_price,81,2012-01-31,2018-09-30
PX,884905,PRAXAIR INC,PX,no_price,81,2012-01-31,2018-09-30
XL,875159,XL GROUP LTD,XL,no_price,80,2012-01-31,2018-08-31
ESRX,1532063,Express Scripts Holding Co.,ESRX,no_price,80,2012-04-30,2018-11-30
TWX,1105705,TIME WARNER INC.,TWX,no_price,77,2012-01-31,2018-05-31
MON,1110783,MONSANTO CO /NEW/,MON,no_price,77,2012-01-31,2018-05-31
DISH,1001082,DISH Network CORP,DISH,no_price,75,2017-03-31,2023-05-31
CHK,895126,EXPAND ENERGY Corp,EXE,no_price,74,2012-01-31,2018-02-28
SNI,1430602,"Scripps Networks Interactive, Inc.",SNI,no_price,74,2012-01-31,2018-02-28
PDCO,891024,"PATTERSON COMPANIES, INC.",PDCO,no_price,74,2012-01-31,2018-02-28
BCR,9892,BARD C R INC /NJ/,BCR,no_price,71,2012-01-31,2017-11-30
MYL,1623613,Mylan N.V.,MYL,no_price,69,2015-02-28,2020-10-31
XEC,1168054,CIMAREX ENERGY CO,XEC,no_price,69,2014-06-30,2020-02-29
DD,30554,"EIDP, Inc.",,no_yahoo_symbol,68,2012-01-31,2017-08-31
SPLS,791519,STAPLES INC,SPLS,no_price,68,2012-01-31,2017-08-31
DOW,29915,DOW CHEMICAL CO /DE/,,no_yahoo_symbol,68,2012-01-31,2017-08-31
WRK,1732845,WestRock Co,WRK,no_price,68,2018-11-30,2024-06-30
WFM,865436,WHOLE FOODS MARKET INC,WFM,no_price,67,2012-01-31,2017-07-31
BBBY,886158,BED BATH & BEYOND INC,BBBY,no_price,66,2012-01-31,2017-06-30
BHGE,808362,Baker Hughes Holdings LLC,BHGE,no_price,66,2012-01-31,2017-06-30
RAI,1275283,REYNOLDS AMERICAN INC,RAI,no_price,66,2012-01-31,2017-06-30
MJN,1452575,Mead Johnson Nutrition Co,MJN,no_price,65,2012-01-31,2017-05-31
TGNA,39899,TEGNA INC,TGNA,no_price,65,2012-01-31,2017-05-31
AABA,1011006,YAHOO INC,AABA,no_price,65,2012-01-31,2017-05-31
DNB,1115222,DUN & BRADSTREET CORP/NW,DNB,no_price,63,2012-01-31,2017-03-31
DRE,783280,DUKE REALTY CORP,DRE,no_price,63,2017-07-31,2022-09-30
SWN,7332,SOUTHWESTERN ENERGY CO,SWN,no_price,63,2012-01-31,2017-03-31
HAR,800459,HARMAN INTERNATIONAL INDUSTRIES INC /DE/,HAR,no_price,62,2012-01-31,2017-02-28
LLTC,791907,LINEAR TECHNOLOGY CORP /CA/,LLTC,no_price,62,2012-01-31,2017-02-28
FTR,20520,"Frontier Communications Parent, Inc.",FTR,no_price,62,2012-01-31,2017-02-28
AGN,1578845,Allergan plc,AGN,no_price,62,2015-03-31,2020-04-30
SE,1373835,Spectra Energy Corp.,,no_yahoo_symbol,61,2012-01-31,2017-01-31
STJ,203077,ST JUDE MEDICAL INC,STJ,no_price,60,2012-01-31,2016-12-31
SIVB,719739,SVB FINANCIAL GROUP,SIVB,no_price,60,2018-03-31,2023-02-28
FTI,1135152,FMC TECHNOLOGIES INC,,no_yahoo_symbol,60,2012-01-31,2016-12-31
CXO,1358071,CONCHO RESOURCES INC,CXO,no_price,59,2016-02-29,2020-12-31
LM,704051,"LEGG MASON, INC.",LM,no_price,59,2012-01-31,2016-11-30
ARNC,4281,Howmet Aerospace Inc.,HWM,no_price,58,2012-01-31,2016-10-31
DO,949039,"DIAMOND OFFSHORE DRILLING, INC.",DO,no_price,57,2012-01-31,2016-09-30
INFO,1598014,IHS Markit Ltd.,INFO,no_price,57,2017-06-30,2022-02-28
EMC,790070,EMC CORP,EMC,no_price,56,2012-01-31,2016-08-31
HOT,316206,"STARWOOD HOTEL & RESORTS WORLDWIDE, INC",HOT,no_price,56,2012-01-31,2016-08-31
GGP,1496048,Brookfield Property REIT Inc.,GGP,no_price,56,2013-12-31,2018-07-31
ABMD,815094,ABIOMED INC,ABMD,no_price,55,2018-05-31,2022-11-30
TE,350563,TECO ENERGY INC,,no_yahoo_symbol,54,2012-01-31,2016-06-30
GAS,1004155,SOUTHERN CO GAS,GAS,no_price,54,2012-01-31,2016-06-30
TWTR,1418091,"TWITTER, INC.",TWTR,no_price,53,2018-06-30,2022-10-31
CVC,1053112,CABLEVISION SYSTEMS CORP /NY,CVC,no_price,53,2012-01-31,2016-05-31
TWC,1377013,TIME WARNER CABLE INC.,TWC,no_price,52,2012-01-31,2016-04-30
CCE,1491675,"COCA-COLA ENTERPRISES, INC.",CCE,no_price,52,2012-01-31,2016-04-30
FRC,,,,no_cik,52,2019-01-31,2023-04-30
SNDK,1000180,SANDISK CORP,,no_yahoo_symbol,52,2012-01-31,2016-04-30
ARG,804212,AIRGAS INC,ARG,no_price,52,2012-01-31,2016-04-30
CAM,941548,CAMERON INTERNATIONAL CORP,CAM,no_price,51,2012-01-31,2016-03-31
CTRA,858470,Coterra Energy Inc.,CTRA,no_price,51,2021-10-31,2025-12-31
CTLT,1596783,"Catalent, Inc.",CTLT,no_price,51,2020-09-30,2024-11-30
POM,1135971,PEPCO HOLDINGS LLC,,no_yahoo_symbol,50,2012-01-31,2016-02-29
BRCM,1054374,BROADCOM CORP,BRCM,no_price,49,2012-01-31,2016-01-31
PCL,849213,PLUM CREEK TIMBER CO INC,PCL,no_price,49,2012-01-31,2016-01-31
PCP,79958,PRECISION CASTPARTS CORP,PCP,no_price,49,2012-01-31,2016-01-31
ALTR,768251,ALTERA CORP,ALTR,no_price,47,2012-01-31,2015-11-30
DXC,23082,COMPUTER SCIENCES CORP,,no_yahoo_symbol,47,2012-01-31,2015-11-30
HCBK,921847,HUDSON CITY BANCORP INC,HCBK,no_price,46,2012-01-31,2015-10-31
SIAL,90185,SIGMA ALDRICH CORP,SIAL,no_price,46,2012-01-31,2015-10-31
JOY,801898,JOY GLOBAL INC,JOY,no_price,45,2012-01-31,2015-09-30
WBD,1437107,"Warner Bros. Discovery, Inc.",WBD,no_price,45,2022-04-30,2025-12-31
HSP,1274057,HOSPIRA INC,HSP,no_price,44,2012-01-31,2015-08-31
ESV,314808,Valaris Ltd,VAL,no_price,44,2012-07-31,2016-02-29
PLL,75829,PALL CORP,PLL,no_price,43,2012-01-31,2015-07-31
ADT,1546640,ADT Corp,,no_yahoo_symbol,43,2012-10-31,2016-04-30
FOX,1308161,"TWENTY-FIRST CENTURY FOX, INC.",,no_yahoo_symbol,42,2015-09-30,2019-02-28
MWV,1159297,MEADWESTVACO Corp,MWV,no_price,42,2012-01-31,2015-06-30
QEP,1108827,"QEP RESOURCES, INC.",QEP,no_price,42,2012-01-31,2015-06-30
DTV,1465112,DIRECTV,DTV,no_price,42,2012-01-31,2015-06-30
FDO,34408,FAMILY DOLLAR STORES INC,FDO,no_price,42,2012-01-31,2015-06-30
NE,1458891,Noble Corp,,no_yahoo_symbol,42,2012-01-31,2015-06-30
TEG,916863,"INTEGRYS ENERGY GROUP, INC.",TEG,no_price,41,2012-01-31,2015-05-31
LO,1424847,"LORILLARD, INC.",LO,no_price,41,2012-01-31,2015-05-31
WRK,1636023,WestRock Co,WRK,no_price,40,2015-07-31,2018-10-31
FL,850209,"FOOT LOCKER, INC.",FL,no_price,40,2016-04-30,2019-07-31
WIN,1282266,"WINDSTREAM HOLDINGS, INC.",WIN,no_price,39,2012-01-31,2015-03-31
AVP,8868,AVON PRODUCTS INC,AVP,no_price,38,2012-01-31,2015-02-28
CFN,1457543,CAREFUSION Corp,CFN,no_price,38,2012-01-31,2015-02-28
DNR,945764,DENBURY INC,DNR,no_price,38,2012-01-31,2015-02-28
AGN,850693,ALLERGAN INC,AGN,no_price,38,2012-01-31,2015-02-28
MYL,69499,MYLAN INC.,MYL,no_price,37,2012-01-31,2015-01-31
HFC,48039,HollyFrontier Corp,HFC,no_price,36,2018-06-30,2021-05-31
SWY,86144,SAFEWAY INC,SWY,no_price,36,2012-01-31,2014-12-31
COV,1385187,Covidien plc,COV,no_price,36,2012-01-31,2014-12-31
WBA,104207,WALGREEN CO,WBA,no_price,35,2012-01-31,2014-11-30
BMS,11199,BEMIS CO INC,BMS,no_price,35,2012-01-31,2014-11-30
MNK,1567892,Mallinckrodt plc,MNK,no_price,35,2014-08-31,2017-06-30
LVLT,794323,"Level 3 Parent, LLC",LVLT,no_price,35,2014-11-30,2017-09-30
KRFT,1545158,"Kraft Foods Group, Inc.",KRFT,no_price,33,2012-10-31,2015-06-30
MXIM,743316,MAXIM INTEGRATED PRODUCTS INC,MXIM,no_price,32,2018-12-31,2021-07-31
BTUUQ,1064728,PEABODY ENERGY CORP,BTU,no_price,32,2012-01-31,2014-08-31
RDC,85408,ROWAN COMPANIES PLC,RDC,no_price,31,2012-01-31,2014-07-31
FRX,38074,FOREST LABORATORIES INC,FRX,no_price,30,2012-01-31,2014-06-30
X,1163302,UNITED STATES STEEL CORP,X,no_price,30,2012-01-31,2014-06-30
CSRA,1646383,CSRA Inc.,CSRA,no_price,29,2015-11-30,2018-03-31
CDAY,1725057,"Dayforce, Inc.",CDAY,no_price,29,2021-09-30,2024-01-31
IGT,353944,INTERNATIONAL GAME TECHNOLOGY,IGT,no_price,29,2012-01-31,2014-05-31
PETM,863157,PETSMART INC,PETM,no_price,29,2012-10-31,2015-02-28
BEAM,789073,BEAM INC,,no_yahoo_symbol,28,2012-01-31,2014-04-30
LSI,703360,LSI CORP,LSI,no_price,28,2012-01-31,2014-04-30
VIAC,813828,Paramount Global,VIAC,no_price,26,2019-12-31,2022-01-31
ENDP,1593034,Endo International plc,ENDP,no_price,26,2015-01-31,2017-02-28
WPX,1518832,"WPX ENERGY, INC.",WPX,no_price,26,2012-01-31,2014-02-28
GMCR,909954,"KEURIG GREEN MOUNTAIN, INC.",GMCR,no_price,24,2014-03-31,2016-02-29
LIFE,1073431,Life Technologies Corp,,no_yahoo_symbol,24,2012-01-31,2013-12-31
JCP,1166126,J C PENNEY CO INC,JCP,no_price,23,2012-01-31,2013-11-30
MOLX,67472,MOLEX INC,MOLX,no_price,23,2012-01-31,2013-11-30
DAY,1725057,"Dayforce, Inc.",DAY,no_price,23,2024-02-29,2025-12-31
EVHC,1678531,Envision Healthcare Corp,EVHC,no_price,22,2016-12-31,2018-09-30
NYX,1368007,NYSE Euronext,NYX,no_price,22,2012-01-31,2013-10-31
DELL,826083,DELL INC,,no_yahoo_symbol,21,2012-01-31,2013-09-30
BMC,835729,BMC SOFTWARE INC,BMC,no_price,20,2012-01-31,2013-08-31
S,101830,SPRINT Corp,,no_yahoo_symbol,18,2012-01-31,2013-06-30
APOL,929887,APOLLO EDUCATION GROUP INC,APOL,no_price,18,2012-01-31,2013-06-30
HNZ,46640,HEINZ H J CO,HNZ,no_price,17,2012-01-31,2013-05-31
WCG,1279363,"WELLCARE HEALTH PLANS, INC.",WCG,no_price,16,2018-09-30,2019-12-31
DF,931336,DEAN FOODS CO,DF,no_price,16,2012-01-31,2013-04-30
CVH,1054833,COVENTRY HEALTH CARE INC,CVH,no_price,16,2012-01-31,2013-04-30
SBNY,,,,no_cik,15,2021-12-31,2023-02-28
BIG,768835,BIG LOTS INC,BIG,no_price,13,2012-01-31,2013-01-31
CPGX,1629995,"Columbia Pipeline Group, Inc.",CPGX,no_price,12,2015-07-31,2016-06-30
BXLT,1620546,Baxalta Inc,BXLT,no_price,11,2015-07-31,2016-05-31
CBE,1141982,Cooper Industries plc,CBE,no_price,11,2012-01-31,2012-11-30
TIE,1011657,TITANIUM METALS CORP,TIE,no_price,11,2012-01-31,2012-11-30
RRD,29669,RR Donnelley & Sons Co,RRD,no_price,11,2012-01-31,2012-11-30
ANRZQ,1301063,"Alpha Natural Resources, Inc.",ANRZQ,no_price,9,2012-01-31,2012-09-30
SUN,95304,SUNOCO INC,,no_yahoo_symbol,9,2012-01-31,2012-09-30
LXK,1001288,LEXMARK INTERNATIONAL INC /KY/,LXK,no_price,9,2012-01-31,2012-09-30
SHLD,1310067,SEARS HOLDINGS CORP,SHLD,no_price,8,2012-01-31,2012-08-31
PGN,1094093,PROGRESS ENERGY INC,PGN,no_price,6,2012-01-31,2012-06-30
GR,42542,GOODRICH CORP,GR,no_price,6,2012-01-31,2012-06-30
HSH,23666,Hillshire Brands Co,HSH,no_price,5,2012-01-31,2012-05-31
NVLS,836106,NOVELLUS SYSTEMS INC,NVLS,no_price,5,2012-01-31,2012-05-31
PSKY,2041610,,PSKY,no_price,5,2025-08-31,2025-12-31
MMI,1495569,"Motorola Mobility Holdings, Inc",,no_yahoo_symbol,4,2012-01-31,2012-04-30
CCEP,1491675,"COCA-COLA ENTERPRISES, INC.",,no_yahoo_symbol,4,2016-01-31,2016-04-30
SVU,95521,SUPERVALU INC,SVU,no_price,4,2012-01-31,2012-04-30
MHS,1170650,MEDCO HEALTH SOLUTIONS INC,MHS,no_price,3,2012-01-31,2012-03-31
ESRX,885721,EXPRESS SCRIPTS INC,ESRX,no_price,3,2012-01-31,2012-03-31
CEG,1004440,CONSTELLATION ENERGY GROUP INC,,no_yahoo_symbol,2,2012-01-31,2012-02-29
