ticker,cik,company,valid_from,valid_to,yahoo_symbol,yahoo_first,yahoo_last
BTUUQ,1064728,PEABODY ENERGY CORP,2011-12-30,2014-09-21,BTU,2017-04-03,2026-03-31
CAM,941548,CAMERON INTERNATIONAL CORP,2011-12-30,2016-04-03,CAM,2025-10-06,2026-03-31
CHK,895126,EXPAND ENERGY Corp,2011-12-30,2018-03-18,EXE,2021-02-10,2026-03-31
EMC,790070,EMC CORP,2011-12-30,2016-09-06,EMC,2023-05-15,2026-03-31
ESV,314808,Valaris Ltd,2012-07-31,2016-03-29,VAL,2021-05-03,2026-03-31
INFO,1598014,IHS Markit Ltd.,2017-06-02,2022-03-01,INFO,2024-10-10,2026-03-31
PCL,849213,PLUM CREEK TIMBER CO INC,2011-12-30,2016-02-21,PCL,2025-08-05,2026-03-31
SHLD,1310067,SEARS HOLDINGS CORP,2011-12-30,2012-09-04,SHLD,2023-09-14,2026-03-31
SPLS,791519,STAPLES INC,2011-12-30,2017-09-12,SPLS,2026-01-16,2026-03-31
