signal,variant,periods,first_period,last_period,mean_ic,ic_t,annual_return_gross,sharpe_gross,annual_return_net,sharpe_net,alpha_annualized,alpha_t,avg_turnover,avg_stocks
lm_change,baseline,167,2012-03-31,2026-01-31,-0.005177368935685804,-1.0208439798716316,-0.0066277599238009684,-0.12562880706674626,-0.011729005965920667,-0.22152693324913153,-0.027325209183591312,-2.1426663814719173,0.10390412763980793,386.49101796407183
lm_change,costs_0bp,167,2012-03-31,2026-01-31,-0.005177368935685804,-1.0208439798716316,-0.0066277599238009684,-0.12562880706674626,-0.0066277599238009684,-0.12562880706674626,-0.027325209183591312,-2.1426663814719173,0.10390412763980793,386.49101796407183
lm_change,costs_25bp,167,2012-03-31,2026-01-31,-0.005177368935685804,-1.0208439798716316,-0.0066277599238009684,-0.12562880706674626,-0.01938087502910021,-0.3630187691358458,-0.027325209183591312,-2.1426663814719173,0.10390412763980793,386.49101796407183
lm_change,value_weighted,149,2013-03-31,2026-01-31,-0.006554122376818933,-1.16919527311639,-0.006106899575361957,-0.06906045756622346,-0.01335842075310311,-0.15077360053426375,-0.02006456716814073,-0.8498145036015775,0.1487157454227805,363.6442953020134
lm_change,horizon_3m,55,2012-07-31,2026-01-31,-0.009803334128231471,-1.0621890999091543,-0.006536419835230782,-0.11852016789174313,-0.010649261946175433,-0.19403990297502732,-0.014826041314436673,-1.0005415795464456,0.25255360659948584,386.9818181818182
lm_change,2020_2021,24,2020-02-29,2022-01-31,0.012018375201364477,0.9372417876856317,0.02508539129925752,0.3821447224831857,0.019434102418388607,0.29439529254237007,-0.04534984446150813,-1.4886238379738894,0.12002906944288606,420.0
lm_change,2022_2023,24,2022-02-28,2024-01-31,-0.00268445997726347,-0.17212409106951396,0.03377514831900844,0.6080398225443714,0.02835725696146383,0.5093280066736698,0.02362503526762591,0.9894305200801851,0.11489390728877766,450.5
llm_change,baseline,71,2020-03-31,2026-01-31,-0.0011563934823368312,-0.1859173519519411,-0.008714529552697518,-0.18924073166244,-0.014093460683465321,-0.3040009499711788,0.0024472959985396858,0.17178080043544894,0.1065190804418196,436.36619718309856
llm_change,costs_0bp,71,2020-03-31,2026-01-31,-0.0011563934823368312,-0.1859173519519411,-0.008714529552697518,-0.18924073166244,-0.008714529552697518,-0.18924073166244,0.0024472959985396858,0.17178080043544894,0.1065190804418196,436.36619718309856
llm_change,costs_25bp,71,2020-03-31,2026-01-31,-0.0011563934823368312,-0.1859173519519411,-0.008714529552697518,-0.18924073166244,-0.02216185737961702,-0.4712352831586091,0.0024472959985396858,0.17178080043544894,0.1065190804418196,436.36619718309856
llm_change,value_weighted,71,2020-03-31,2026-01-31,0.00026479330896623805,0.0420239944286279,0.02604214207875449,0.2863963082394552,0.018476856109462918,0.202366574325504,0.02548660306902257,0.6420376413125346,0.15271884042253028,391.9154929577465
llm_change,horizon_3m,23,2020-07-31,2026-01-31,-0.008266295363485814,-0.7369307348985731,-0.01242353109461056,-0.2859149533875364,-0.016789956459659746,-0.3904642876106751,0.004371272968047532,0.23125249857161553,0.26257893010264577,437.4782608695652
llm_change,2020_2021,23,2020-03-31,2022-01-31,-0.007225048515981221,-0.6809168481021416,-0.026339169076920757,-0.4875175923727242,-0.03159843142659892,-0.583622157224838,0.021208309215249903,1.0499354361603837,0.09182105496458139,395.1304347826087
llm_change,2022_2023,24,2022-02-28,2024-01-31,-0.011515797060474847,-1.0132233045607728,-0.031631651864624064,-0.812733228020512,-0.037020210491713806,-0.9359983907992124,-0.03570067927815035,-1.4065729035078005,0.11405253244104065,449.6666666666667
