run_at,signal,config_hash,git_commit,settings,months,mean_ic,ic_t,annual_return_gross,sharpe_gross,annual_return_net,sharpe_net,alpha_annualized,alpha_t,avg_turnover
2026-10-07T23:47:46+00:00,lm_change,ed5aa10895e2,1e21b71,"{""cost_bps_per_side"": 10, ""end"": ""2025-12-31"", ""min_stocks"": 100, ""quantiles"": 5, ""sign"": -1, ""signal"": ""lm_change"", ""signal_max_age_days"": 365, ""start"": ""2012-01-01""}",167,-0.005177368935685804,-1.0208439798716316,-0.0066277599238009684,-0.12562880706674626,-0.011729005965920667,-0.22152693324913153,-0.031973928690834055,-2.5535294174190937,0.10390412763980793
2026-10-07T23:48:18+00:00,lm_change,ed5aa10895e2,1e21b71,"{""cost_bps_per_side"": 10, ""end"": ""2025-12-31"", ""min_stocks"": 100, ""quantiles"": 5, ""sign"": -1, ""signal"": ""lm_change"", ""signal_max_age_days"": 365, ""start"": ""2012-01-01""}",167,-0.005177368935685804,-1.0208439798716316,-0.0066277599238009684,-0.12562880706674626,-0.011729005965920667,-0.22152693324913153,-0.027325209183591312,-2.1426663814719173,0.10390412763980793
2026-10-08T19:12:05+00:00,llm_change,d5e19a1b51c3,7b0e003,"{""cost_bps_per_side"": 10, ""end"": ""2025-12-31"", ""min_stocks"": 100, ""quantiles"": 5, ""sign"": -1, ""signal"": ""llm_change"", ""signal_max_age_days"": 365, ""start"": ""2012-01-01""}",71,-0.0011563934823368312,-0.1859173519519411,-0.008714529552697518,-0.18924073166244,-0.014093460683465321,-0.3040009499711788,0.0024472959985396858,0.17178080043544894,0.1065190804418196
2026-10-09T02:51:46+00:00,llm_change_pre_cutoff_original,6f4dbbeba9d7,1815bcd,"{""cost_bps_per_side"": 10, ""filings"": 500, ""min_stocks"": 30, ""period"": ""pre_cutoff"", ""quantiles"": 5, ""seed"": 42, ""sign"": -1, ""signal"": ""llm_change_pre_cutoff_original"", ""signal_max_age_days"": 365, ""text"": ""original""}",49,-0.009223257322205764,-0.4896721503869633,-0.030054255412198423,-0.23325110963646165,-0.0365741263067301,-0.28523027141170987,0.0006540557528772559,0.012501642559808656,0.12824378204516163
2026-10-09T02:51:46+00:00,llm_change_pre_cutoff_anonymized,86eb9e49c7d4,1815bcd,"{""cost_bps_per_side"": 10, ""filings"": 500, ""min_stocks"": 30, ""period"": ""pre_cutoff"", ""quantiles"": 5, ""seed"": 42, ""sign"": -1, ""signal"": ""llm_change_pre_cutoff_anonymized"", ""signal_max_age_days"": 365, ""text"": ""anonymized""}",49,0.003554767240122075,0.2269256394744305,-0.003957462221709848,-0.03922571991142846,-0.010596718409690615,-0.10551919200596437,0.005522012381270787,0.15790743486255276,0.13078279219229935
2026-10-09T02:51:48+00:00,llm_change_post_cutoff_original,c7f056e19595,1815bcd,"{""cost_bps_per_side"": 10, ""filings"": 971, ""min_stocks"": 30, ""period"": ""post_cutoff"", ""quantiles"": 5, ""seed"": 42, ""sign"": -1, ""signal"": ""llm_change_post_cutoff_original"", ""signal_max_age_days"": 365, ""text"": ""original""}",23,0.015683546001068614,1.8433066857405858,0.028326616616559892,0.7672110814145089,0.02317394129120145,0.6214270974255868,0.010153793259258716,0.5307504926745727,0.08949955727579943
2026-10-09T02:51:49+00:00,llm_change_post_cutoff_anonymized,e197d89cb378,1815bcd,"{""cost_bps_per_side"": 10, ""filings"": 971, ""min_stocks"": 30, ""period"": ""post_cutoff"", ""quantiles"": 5, ""seed"": 42, ""sign"": -1, ""signal"": ""llm_change_post_cutoff_anonymized"", ""signal_max_age_days"": 365, ""text"": ""anonymized""}",23,0.01759824840039514,1.7473985672067127,0.034948103718343115,0.8601004249753902,0.029837977453987564,0.7301855195857514,0.02747964592581653,1.1467099239402747,0.088572825833502
2026-10-09T02:52:02+00:00,llm_change_pre_cutoff_original,6f4dbbeba9d7,1815bcd,"{""cost_bps_per_side"": 10, ""filings"": 500, ""min_stocks"": 30, ""period"": ""pre_cutoff"", ""quantiles"": 5, ""seed"": 42, ""sign"": -1, ""signal"": ""llm_change_pre_cutoff_original"", ""signal_max_age_days"": 365, ""text"": ""original""}",49,-0.009223257322205764,-0.4896721503869633,-0.030054255412198423,-0.23325110963646165,-0.0365741263067301,-0.28523027141170987,0.0006540557528772559,0.012501642559808656,0.12824378204516163
2026-10-09T02:52:03+00:00,llm_change_pre_cutoff_anonymized,86eb9e49c7d4,1815bcd,"{""cost_bps_per_side"": 10, ""filings"": 500, ""min_stocks"": 30, ""period"": ""pre_cutoff"", ""quantiles"": 5, ""seed"": 42, ""sign"": -1, ""signal"": ""llm_change_pre_cutoff_anonymized"", ""signal_max_age_days"": 365, ""text"": ""anonymized""}",49,0.003554767240122075,0.2269256394744305,-0.003957462221709848,-0.03922571991142846,-0.010596718409690615,-0.10551919200596437,0.005522012381270787,0.15790743486255276,0.13078279219229935
2026-10-09T02:52:05+00:00,llm_change_post_cutoff_original,c7f056e19595,1815bcd,"{""cost_bps_per_side"": 10, ""filings"": 971, ""min_stocks"": 30, ""period"": ""post_cutoff"", ""quantiles"": 5, ""seed"": 42, ""sign"": -1, ""signal"": ""llm_change_post_cutoff_original"", ""signal_max_age_days"": 365, ""text"": ""original""}",23,0.015683546001068614,1.8433066857405858,0.028326616616559892,0.7672110814145089,0.02317394129120145,0.6214270974255868,0.010153793259258716,0.5307504926745727,0.08949955727579943
2026-10-09T02:52:06+00:00,llm_change_post_cutoff_anonymized,e197d89cb378,1815bcd,"{""cost_bps_per_side"": 10, ""filings"": 971, ""min_stocks"": 30, ""period"": ""post_cutoff"", ""quantiles"": 5, ""seed"": 42, ""sign"": -1, ""signal"": ""llm_change_post_cutoff_anonymized"", ""signal_max_age_days"": 365, ""text"": ""anonymized""}",23,0.01759824840039514,1.7473985672067127,0.034948103718343115,0.8601004249753902,0.029837977453987564,0.7301855195857514,0.02747964592581653,1.1467099239402747,0.088572825833502
